ref,tanggal,jumlah,tipe,metode,psp_ref,biaya,pajak,ref_asal,label
INV-202602-001,2026-02-01T08:00:00+07:00,180000,penjualan,gateway,PSP-1,,,,Pelanggan 1
INV-202602-002,2026-02-02T09:00:00+07:00,250000,penjualan,gateway,PSP-2,,,,Pelanggan 2
INV-202602-003,2026-02-03T10:00:00+07:00,360000,penjualan,tunai,,,,,Pelanggan 3
INV-202602-004,2026-02-04T11:00:00+07:00,500000,penjualan,gateway,PSP-4,,,,Pelanggan 4
INV-202602-005,2026-02-05T12:00:00+07:00,180000,penjualan,gateway,PSP-5,,,,Pelanggan 5
INV-202602-006,2026-02-06T13:00:00+07:00,180000,penjualan,qris_sendiri,,,,,Pelanggan 6
INV-202602-007,2026-02-07T14:00:00+07:00,250000,penjualan,gateway,PSP-7,,,,Pelanggan 7
INV-202602-008,2026-02-08T15:00:00+07:00,360000,penjualan,gateway,PSP-8,,,,Pelanggan 8
INV-202602-009,2026-02-09T16:00:00+07:00,500000,penjualan,gateway,PSP-9,,,,Pelanggan 9
INV-202602-010,2026-02-10T17:00:00+07:00,180000,penjualan,gateway,PSP-10,,,,Pelanggan 10
INV-202602-011,2026-02-11T18:00:00+07:00,180000,penjualan,gateway,PSP-11,,,,Pelanggan 11
INV-202602-012,2026-02-12T19:00:00+07:00,250000,penjualan,gateway,PSP-12,,,,Pelanggan 12
INV-202602-013,2026-02-13T20:00:00+07:00,360000,penjualan,tunai,,,,,Pelanggan 13
RF-202602-13,2026-02-13T20:30:00+07:00,360000,refund,tunai,,,,INV-202602-013,
INV-202602-014,2026-02-15T21:00:00+07:00,500000,penjualan,gateway,PSP-14,,,,Pelanggan 14
INV-202602-015,2026-02-16T08:00:00+07:00,180000,penjualan,gateway,PSP-15,,,,Pelanggan 15
INV-202602-016,2026-02-17T09:00:00+07:00,180000,penjualan,qris_sendiri,,,,,Pelanggan 16
INV-202602-017,2026-02-18T10:00:00+07:00,250000,penjualan,gateway,PSP-17,,,,Pelanggan 17
INV-202602-018,2026-02-19T11:00:00+07:00,360000,penjualan,gateway,PSP-18,,,,Pelanggan 18
INV-202602-019,2026-02-20T12:00:00+07:00,500000,penjualan,gateway,PSP-19,,,,Pelanggan 19
INV-202602-020,2026-02-21T13:00:00+07:00,180000,penjualan,gateway,PSP-20,,,,Pelanggan 20
INV-202602-021,2026-02-22T14:00:00+07:00,180000,penjualan,gateway,PSP-21,,,,Pelanggan 21
INV-202602-022,2026-02-23T15:00:00+07:00,250000,penjualan,gateway,PSP-22,,,,Pelanggan 22
INV-202602-023,2026-02-24T16:00:00+07:00,360000,penjualan,tunai,,,,,Pelanggan 23
INV-202602-024,2026-02-25T17:00:00+07:00,500000,penjualan,gateway,PSP-24,,,,Pelanggan 24
INV-202602-025,2026-02-26T18:00:00+07:00,180000,penjualan,gateway,PSP-25,,,,Pelanggan 25
INV-202603-001,2026-03-01T08:00:00+07:00,250000,penjualan,gateway,PSP-26,,,,Pelanggan 26
INV-202603-002,2026-03-02T09:00:00+07:00,360000,penjualan,gateway,PSP-27,,,,Pelanggan 27
INV-202603-003,2026-03-03T10:00:00+07:00,500000,penjualan,qris_sendiri,,,,,Pelanggan 28
INV-202603-004,2026-03-04T11:00:00+07:00,180000,penjualan,gateway,PSP-29,,,,Pelanggan 29
INV-202603-005,2026-03-05T12:00:00+07:00,180000,penjualan,gateway,PSP-30,,,,Pelanggan 30
INV-202603-006,2026-03-06T13:00:00+07:00,250000,penjualan,gateway,PSP-31,,,,Pelanggan 31
INV-202603-007,2026-03-07T14:00:00+07:00,360000,penjualan,gateway,PSP-32,,,,Pelanggan 32
INV-202603-008,2026-03-08T15:00:00+07:00,500000,penjualan,gateway,PSP-33,,,,Pelanggan 33
INV-202603-009,2026-03-09T16:00:00+07:00,180000,penjualan,gateway,PSP-34,,,,Pelanggan 34
INV-202603-010,2026-03-10T17:00:00+07:00,180000,penjualan,tunai,,,,,Pelanggan 35
INV-202603-011,2026-03-11T18:00:00+07:00,250000,penjualan,gateway,PSP-36,,,,Pelanggan 36
INV-202603-012,2026-03-12T19:00:00+07:00,360000,penjualan,gateway,PSP-37,,,,Pelanggan 37
INV-202603-013,2026-03-13T20:00:00+07:00,500000,penjualan,qris_sendiri,,,,,Pelanggan 38
INV-202603-014,2026-03-15T21:00:00+07:00,180000,penjualan,gateway,PSP-39,,,,Pelanggan 39
INV-202603-015,2026-03-16T08:00:00+07:00,180000,penjualan,gateway,PSP-40,,,,Pelanggan 40
INV-202603-016,2026-03-17T09:00:00+07:00,250000,penjualan,gateway,PSP-41,,,,Pelanggan 41
INV-202603-017,2026-03-18T10:00:00+07:00,360000,penjualan,gateway,PSP-42,,,,Pelanggan 42
INV-202603-018,2026-03-19T11:00:00+07:00,500000,penjualan,gateway,PSP-43,,,,Pelanggan 43
INV-202603-019,2026-03-20T12:00:00+07:00,180000,penjualan,gateway,PSP-44,,,,Pelanggan 44
INV-202603-020,2026-03-21T13:00:00+07:00,180000,penjualan,tunai,,,,,Pelanggan 45
INV-202603-021,2026-03-22T14:00:00+07:00,250000,penjualan,gateway,PSP-46,,,,Pelanggan 46
INV-202603-022,2026-03-23T15:00:00+07:00,360000,penjualan,gateway,PSP-47,,,,Pelanggan 47
INV-202603-023,2026-03-24T16:00:00+07:00,500000,penjualan,qris_sendiri,,,,,Pelanggan 48
INV-202603-024,2026-03-25T17:00:00+07:00,180000,penjualan,gateway,PSP-49,,,,Pelanggan 49
INV-202603-025,2026-03-26T18:00:00+07:00,180000,penjualan,gateway,PSP-50,,,,Pelanggan 50
INV-202604-001,2026-04-01T08:00:00+07:00,360000,penjualan,gateway,PSP-51,,,,Pelanggan 51
INV-202604-002,2026-04-02T09:00:00+07:00,500000,penjualan,gateway,PSP-52,,,,Pelanggan 52
INV-202604-003,2026-04-03T10:00:00+07:00,180000,penjualan,gateway,PSP-53,,,,Pelanggan 53
INV-202604-004,2026-04-04T11:00:00+07:00,180000,penjualan,gateway,PSP-54,,,,Pelanggan 54
INV-202604-005,2026-04-05T12:00:00+07:00,250000,penjualan,gateway,PSP-55,,,,Pelanggan 55
INV-202604-006,2026-04-06T13:00:00+07:00,360000,penjualan,gateway,PSP-56,,,,Pelanggan 56
INV-202604-007,2026-04-07T14:00:00+07:00,500000,penjualan,tunai,,,,,Pelanggan 57
INV-202604-008,2026-04-08T15:00:00+07:00,180000,penjualan,gateway,PSP-58,,,,Pelanggan 58
INV-202604-009,2026-04-09T16:00:00+07:00,180000,penjualan,gateway,PSP-59,,,,Pelanggan 59
INV-202604-010,2026-04-10T17:00:00+07:00,250000,penjualan,qris_sendiri,,,,,Pelanggan 60
INV-202604-011,2026-04-11T18:00:00+07:00,360000,penjualan,gateway,PSP-61,,,,Pelanggan 61
INV-202604-012,2026-04-12T19:00:00+07:00,500000,penjualan,gateway,PSP-62,,,,Pelanggan 62
INV-202604-013,2026-04-13T20:00:00+07:00,180000,penjualan,gateway,PSP-63,,,,Pelanggan 63
RF-202604-13,2026-04-13T20:30:00+07:00,180000,refund,gateway,PSP-63,,,INV-202604-013,
INV-202604-014,2026-04-15T21:00:00+07:00,180000,penjualan,gateway,PSP-64,,,,Pelanggan 64
INV-202604-015,2026-04-16T08:00:00+07:00,250000,penjualan,gateway,PSP-65,,,,Pelanggan 65
INV-202604-016,2026-04-17T09:00:00+07:00,360000,penjualan,gateway,PSP-66,,,,Pelanggan 66
INV-202604-017,2026-04-18T10:00:00+07:00,500000,penjualan,tunai,,,,,Pelanggan 67
INV-202604-018,2026-04-19T11:00:00+07:00,180000,penjualan,gateway,PSP-68,,,,Pelanggan 68
INV-202604-019,2026-04-20T12:00:00+07:00,180000,penjualan,gateway,PSP-69,,,,Pelanggan 69
INV-202604-020,2026-04-21T13:00:00+07:00,250000,penjualan,qris_sendiri,,,,,Pelanggan 70
INV-202604-021,2026-04-22T14:00:00+07:00,360000,penjualan,gateway,PSP-71,,,,Pelanggan 71
INV-202604-022,2026-04-23T15:00:00+07:00,500000,penjualan,gateway,PSP-72,,,,Pelanggan 72
INV-202604-023,2026-04-24T16:00:00+07:00,180000,penjualan,gateway,PSP-73,,,,Pelanggan 73
INV-202604-024,2026-04-25T17:00:00+07:00,180000,penjualan,gateway,PSP-74,,,,Pelanggan 74
INV-202604-025,2026-04-26T18:00:00+07:00,250000,penjualan,gateway,PSP-75,,,,Pelanggan 75
INV-202605-001,2026-05-01T08:00:00+07:00,500000,penjualan,gateway,PSP-76,,,,Pelanggan 76
INV-202605-002,2026-05-02T09:00:00+07:00,180000,penjualan,gateway,PSP-77,,,,Pelanggan 77
INV-202605-003,2026-05-03T10:00:00+07:00,180000,penjualan,gateway,PSP-78,,,,Pelanggan 78
INV-202605-004,2026-05-04T11:00:00+07:00,250000,penjualan,tunai,,,,,Pelanggan 79
INV-202605-005,2026-05-05T12:00:00+07:00,360000,penjualan,gateway,PSP-80,,,,Pelanggan 80
INV-202605-006,2026-05-06T13:00:00+07:00,500000,penjualan,gateway,PSP-81,,,,Pelanggan 81
INV-202605-007,2026-05-07T14:00:00+07:00,180000,penjualan,qris_sendiri,,,,,Pelanggan 82
INV-202605-008,2026-05-08T15:00:00+07:00,180000,penjualan,gateway,PSP-83,,,,Pelanggan 83
INV-202605-009,2026-05-09T16:00:00+07:00,250000,penjualan,gateway,PSP-84,,,,Pelanggan 84
INV-202605-010,2026-05-10T17:00:00+07:00,360000,penjualan,gateway,PSP-85,,,,Pelanggan 85
INV-202605-011,2026-05-11T18:00:00+07:00,500000,penjualan,gateway,PSP-86,,,,Pelanggan 86
INV-202605-012,2026-05-12T19:00:00+07:00,180000,penjualan,gateway,PSP-87,,,,Pelanggan 87
INV-202605-013,2026-05-13T20:00:00+07:00,180000,penjualan,gateway,PSP-88,,,,Pelanggan 88
INV-202605-014,2026-05-15T21:00:00+07:00,250000,penjualan,tunai,,,,,Pelanggan 89
INV-202605-015,2026-05-16T08:00:00+07:00,360000,penjualan,gateway,PSP-90,,,,Pelanggan 90
INV-202605-016,2026-05-17T09:00:00+07:00,500000,penjualan,gateway,PSP-91,,,,Pelanggan 91
INV-202605-017,2026-05-18T10:00:00+07:00,180000,penjualan,qris_sendiri,,,,,Pelanggan 92
INV-202605-018,2026-05-19T11:00:00+07:00,180000,penjualan,gateway,PSP-93,,,,Pelanggan 93
INV-202605-019,2026-05-20T12:00:00+07:00,250000,penjualan,gateway,PSP-94,,,,Pelanggan 94
INV-202605-020,2026-05-21T13:00:00+07:00,360000,penjualan,gateway,PSP-95,,,,Pelanggan 95
INV-202605-021,2026-05-22T14:00:00+07:00,500000,penjualan,gateway,PSP-96,,,,Pelanggan 96
INV-202605-022,2026-05-23T15:00:00+07:00,180000,penjualan,gateway,PSP-97,,,,Pelanggan 97
INV-202605-023,2026-05-24T16:00:00+07:00,180000,penjualan,gateway,PSP-98,,,,Pelanggan 98
INV-202605-024,2026-05-25T17:00:00+07:00,250000,penjualan,tunai,,,,,Pelanggan 99
INV-202605-025,2026-05-26T18:00:00+07:00,360000,penjualan,gateway,PSP-100,,,,Pelanggan 100
INV-202606-001,2026-06-01T08:00:00+07:00,180000,penjualan,tunai,,,,,Pelanggan 101
INV-202606-002,2026-06-02T09:00:00+07:00,180000,penjualan,gateway,PSP-102,,,,Pelanggan 102
INV-202606-003,2026-06-03T10:00:00+07:00,250000,penjualan,gateway,PSP-103,,,,Pelanggan 103
INV-202606-004,2026-06-04T11:00:00+07:00,360000,penjualan,qris_sendiri,,,,,Pelanggan 104
INV-202606-005,2026-06-05T12:00:00+07:00,500000,penjualan,gateway,PSP-105,,,,Pelanggan 105
INV-202606-006,2026-06-06T13:00:00+07:00,180000,penjualan,gateway,PSP-106,,,,Pelanggan 106
INV-202606-007,2026-06-07T14:00:00+07:00,180000,penjualan,gateway,PSP-107,,,,Pelanggan 107
INV-202606-008,2026-06-08T15:00:00+07:00,250000,penjualan,gateway,PSP-108,,,,Pelanggan 108
INV-202606-009,2026-06-09T16:00:00+07:00,360000,penjualan,gateway,PSP-109,,,,Pelanggan 109
INV-202606-010,2026-06-10T17:00:00+07:00,500000,penjualan,gateway,PSP-110,,,,Pelanggan 110
INV-202606-011,2026-06-11T18:00:00+07:00,180000,penjualan,tunai,,,,,Pelanggan 111
INV-202606-012,2026-06-12T19:00:00+07:00,180000,penjualan,gateway,PSP-112,,,,Pelanggan 112
INV-202606-013,2026-06-13T20:00:00+07:00,250000,penjualan,gateway,PSP-113,,,,Pelanggan 113
RF-202606-13,2026-06-13T20:30:00+07:00,250000,refund,gateway,PSP-113,,,INV-202606-013,
INV-202606-014,2026-06-15T21:00:00+07:00,360000,penjualan,qris_sendiri,,,,,Pelanggan 114
INV-202606-015,2026-06-16T08:00:00+07:00,500000,penjualan,gateway,PSP-115,,,,Pelanggan 115
INV-202606-016,2026-06-17T09:00:00+07:00,180000,penjualan,gateway,PSP-116,,,,Pelanggan 116
INV-202606-017,2026-06-18T10:00:00+07:00,180000,penjualan,gateway,PSP-117,,,,Pelanggan 117
INV-202606-018,2026-06-19T11:00:00+07:00,250000,penjualan,gateway,PSP-118,,,,Pelanggan 118
INV-202606-019,2026-06-20T12:00:00+07:00,360000,penjualan,gateway,PSP-119,,,,Pelanggan 119
INV-202606-020,2026-06-21T13:00:00+07:00,500000,penjualan,gateway,PSP-120,,,,Pelanggan 120
INV-202606-021,2026-06-22T14:00:00+07:00,180000,penjualan,tunai,,,,,Pelanggan 121
INV-202606-022,2026-06-23T15:00:00+07:00,180000,penjualan,gateway,PSP-122,,,,Pelanggan 122
INV-202606-023,2026-06-24T16:00:00+07:00,250000,penjualan,gateway,PSP-123,,,,Pelanggan 123
INV-202606-024,2026-06-25T17:00:00+07:00,360000,penjualan,qris_sendiri,,,,,Pelanggan 124
INV-202606-025,2026-06-26T18:00:00+07:00,500000,penjualan,gateway,PSP-125,,,,Pelanggan 125
INV-202607-001,2026-07-01T08:00:00+07:00,180000,penjualan,qris_sendiri,,,,,Pelanggan 126
INV-202607-002,2026-07-02T09:00:00+07:00,250000,penjualan,gateway,PSP-127,,,,Pelanggan 127
INV-202607-003,2026-07-03T10:00:00+07:00,360000,penjualan,gateway,PSP-128,,,,Pelanggan 128
INV-202607-004,2026-07-04T11:00:00+07:00,500000,penjualan,gateway,PSP-129,,,,Pelanggan 129
INV-202607-005,2026-07-05T12:00:00+07:00,180000,penjualan,gateway,PSP-130,,,,Pelanggan 130
INV-202607-006,2026-07-06T13:00:00+07:00,180000,penjualan,gateway,PSP-131,,,,Pelanggan 131
INV-202607-007,2026-07-07T14:00:00+07:00,250000,penjualan,gateway,PSP-132,,,,Pelanggan 132
INV-202607-008,2026-07-08T15:00:00+07:00,360000,penjualan,tunai,,,,,Pelanggan 133
INV-202607-009,2026-07-09T16:00:00+07:00,500000,penjualan,gateway,PSP-134,,,,Pelanggan 134
INV-202607-010,2026-07-10T17:00:00+07:00,180000,penjualan,gateway,PSP-135,,,,Pelanggan 135
INV-202607-011,2026-07-11T18:00:00+07:00,180000,penjualan,qris_sendiri,,,,,Pelanggan 136
INV-202607-012,2026-07-12T19:00:00+07:00,250000,penjualan,gateway,PSP-137,,,,Pelanggan 137
INV-202607-013,2026-07-13T20:00:00+07:00,360000,penjualan,gateway,PSP-138,,,,Pelanggan 138
INV-202607-014,2026-07-15T21:00:00+07:00,500000,penjualan,gateway,PSP-139,,,,Pelanggan 139
INV-202607-015,2026-07-16T08:00:00+07:00,180000,penjualan,gateway,PSP-140,,,,Pelanggan 140
INV-202607-016,2026-07-17T09:00:00+07:00,180000,penjualan,gateway,PSP-141,,,,Pelanggan 141
INV-202607-017,2026-07-18T10:00:00+07:00,250000,penjualan,gateway,PSP-142,,,,Pelanggan 142
INV-202607-018,2026-07-19T11:00:00+07:00,360000,penjualan,tunai,,,,,Pelanggan 143
INV-202607-019,2026-07-20T12:00:00+07:00,500000,penjualan,gateway,PSP-144,,,,Pelanggan 144
INV-202607-020,2026-07-21T13:00:00+07:00,180000,penjualan,gateway,PSP-145,,,,Pelanggan 145
INV-202607-021,2026-07-22T14:00:00+07:00,180000,penjualan,qris_sendiri,,,,,Pelanggan 146
INV-202607-022,2026-07-23T15:00:00+07:00,250000,penjualan,gateway,PSP-147,,,,Pelanggan 147
INV-202607-023,2026-07-24T16:00:00+07:00,360000,penjualan,gateway,PSP-148,,,,Pelanggan 148
INV-202607-024,2026-07-25T17:00:00+07:00,500000,penjualan,gateway,PSP-149,,,,Pelanggan 149
INV-202607-025,2026-07-26T18:00:00+07:00,180000,penjualan,gateway,PSP-150,,,,Pelanggan 150
INV-202608-001,2026-08-01T08:00:00+07:00,250000,penjualan,gateway,PSP-151,,,,Pelanggan 151
INV-202608-002,2026-08-02T09:00:00+07:00,360000,penjualan,gateway,PSP-152,,,,Pelanggan 152
INV-202608-003,2026-08-03T10:00:00+07:00,500000,penjualan,gateway,PSP-153,,,,Pelanggan 153
INV-202608-004,2026-08-04T11:00:00+07:00,180000,penjualan,gateway,PSP-154,,,,Pelanggan 154
INV-202608-005,2026-08-05T12:00:00+07:00,180000,penjualan,tunai,,,,,Pelanggan 155
INV-202608-006,2026-08-06T13:00:00+07:00,250000,penjualan,gateway,PSP-156,,,,Pelanggan 156
INV-202608-007,2026-08-07T14:00:00+07:00,360000,penjualan,gateway,PSP-157,,,,Pelanggan 157
INV-202608-008,2026-08-08T15:00:00+07:00,500000,penjualan,qris_sendiri,,,,,Pelanggan 158
INV-202608-009,2026-08-09T16:00:00+07:00,180000,penjualan,gateway,PSP-159,,,,Pelanggan 159
INV-202608-010,2026-08-10T17:00:00+07:00,180000,penjualan,gateway,PSP-160,,,,Pelanggan 160
INV-202608-011,2026-08-11T18:00:00+07:00,250000,penjualan,gateway,PSP-161,,,,Pelanggan 161
INV-202608-012,2026-08-12T19:00:00+07:00,360000,penjualan,gateway,PSP-162,,,,Pelanggan 162
INV-202608-013,2026-08-13T20:00:00+07:00,500000,penjualan,gateway,PSP-163,,,,Pelanggan 163
RF-202608-13,2026-08-13T20:30:00+07:00,500000,refund,gateway,PSP-163,,,INV-202608-013,
INV-202608-014,2026-08-15T21:00:00+07:00,180000,penjualan,gateway,PSP-164,,,,Pelanggan 164
INV-202608-015,2026-08-16T08:00:00+07:00,180000,penjualan,tunai,,,,,Pelanggan 165
INV-202608-016,2026-08-17T09:00:00+07:00,250000,penjualan,gateway,PSP-166,,,,Pelanggan 166
INV-202608-017,2026-08-18T10:00:00+07:00,360000,penjualan,gateway,PSP-167,,,,Pelanggan 167
INV-202608-018,2026-08-19T11:00:00+07:00,500000,penjualan,qris_sendiri,,,,,Pelanggan 168
INV-202608-019,2026-08-20T12:00:00+07:00,180000,penjualan,gateway,PSP-169,,,,Pelanggan 169
INV-202608-020,2026-08-21T13:00:00+07:00,180000,penjualan,gateway,PSP-170,,,,Pelanggan 170
INV-202608-021,2026-08-22T14:00:00+07:00,250000,penjualan,gateway,PSP-171,,,,Pelanggan 171
INV-202608-022,2026-08-23T15:00:00+07:00,360000,penjualan,gateway,PSP-172,,,,Pelanggan 172
INV-202608-023,2026-08-24T16:00:00+07:00,500000,penjualan,gateway,PSP-173,,,,Pelanggan 173
INV-202608-024,2026-08-25T17:00:00+07:00,180000,penjualan,gateway,PSP-174,,,,Pelanggan 174
INV-202608-025,2026-08-26T18:00:00+07:00,180000,penjualan,tunai,,,,,Pelanggan 175
INV-202609-001,2026-09-01T08:00:00+07:00,360000,penjualan,gateway,PSP-176,,,,Pelanggan 176
INV-202609-002,2026-09-02T09:00:00+07:00,500000,penjualan,tunai,,,,,Pelanggan 177
INV-202609-003,2026-09-03T10:00:00+07:00,180000,penjualan,gateway,PSP-178,,,,Pelanggan 178
INV-202609-004,2026-09-04T11:00:00+07:00,180000,penjualan,gateway,PSP-179,,,,Pelanggan 179
INV-202609-005,2026-09-05T12:00:00+07:00,250000,penjualan,qris_sendiri,,,,,Pelanggan 180
INV-202609-006,2026-09-06T13:00:00+07:00,360000,penjualan,gateway,PSP-181,,,,Pelanggan 181
INV-202609-007,2026-09-07T14:00:00+07:00,500000,penjualan,gateway,PSP-182,,,,Pelanggan 182
INV-202609-008,2026-09-08T15:00:00+07:00,180000,penjualan,gateway,PSP-183,,,,Pelanggan 183
INV-202609-009,2026-09-09T16:00:00+07:00,180000,penjualan,gateway,PSP-184,,,,Pelanggan 184
INV-202609-010,2026-09-10T17:00:00+07:00,250000,penjualan,gateway,PSP-185,,,,Pelanggan 185
INV-202609-011,2026-09-11T18:00:00+07:00,360000,penjualan,gateway,PSP-186,,,,Pelanggan 186
INV-202609-012,2026-09-12T19:00:00+07:00,500000,penjualan,tunai,,,,,Pelanggan 187
INV-202609-013,2026-09-13T20:00:00+07:00,180000,penjualan,gateway,PSP-188,,,,Pelanggan 188
INV-202609-014,2026-09-15T21:00:00+07:00,180000,penjualan,gateway,PSP-189,,,,Pelanggan 189
INV-202609-015,2026-09-16T08:00:00+07:00,250000,penjualan,qris_sendiri,,,,,Pelanggan 190
INV-202609-016,2026-09-17T09:00:00+07:00,360000,penjualan,gateway,PSP-191,,,,Pelanggan 191
INV-202609-017,2026-09-18T10:00:00+07:00,500000,penjualan,gateway,PSP-192,,,,Pelanggan 192
INV-202609-018,2026-09-19T11:00:00+07:00,180000,penjualan,gateway,PSP-193,,,,Pelanggan 193
INV-202609-019,2026-09-20T12:00:00+07:00,180000,penjualan,gateway,PSP-194,,,,Pelanggan 194
INV-202609-020,2026-09-21T13:00:00+07:00,250000,penjualan,gateway,PSP-195,,,,Pelanggan 195
INV-202609-021,2026-09-22T14:00:00+07:00,360000,penjualan,gateway,PSP-196,,,,Pelanggan 196
INV-202609-022,2026-09-23T15:00:00+07:00,500000,penjualan,tunai,,,,,Pelanggan 197
INV-202609-023,2026-09-24T16:00:00+07:00,180000,penjualan,gateway,PSP-198,,,,Pelanggan 198
INV-202609-024,2026-09-25T17:00:00+07:00,180000,penjualan,gateway,PSP-199,,,,Pelanggan 199
INV-202609-025,2026-09-26T18:00:00+07:00,250000,penjualan,qris_sendiri,,,,,Pelanggan 200
