bulan,bruto,refund,pajak,fee
2025-10,150000000,2250000,13636000,840000
2025-11,157000000,2355000,14273000,879000
2025-12,164000000,2460000,14909000,918000
2026-01,159000000,2385000,14455000,890000
2026-02,166000000,2490000,15091000,930000
2026-03,173000000,2595000,15727000,969000
2026-04,168000000,2520000,15273000,941000
2026-05,175000000,2625000,15909000,980000
2026-06,182000000,2730000,16545000,1019000
2026-07,177000000,2655000,16091000,991000
2026-08,184000000,2760000,16727000,1030000
2026-09,191000000,2865000,17364000,1070000
